<?xml version="1.0" encoding="UTF-8"?>
<project-private xmlns="http://www.netbeans.org/ns/project-private/1">
    <editor-bookmarks xmlns="http://www.netbeans.org/ns/editor-bookmarks/2" lastBookmarkId="0"/>
    <open-files xmlns="http://www.netbeans.org/ns/projectui-open-files/2">
        <group>
            <file>file:/D:/WWW/blog_maizi/blog/model/IndexModel.class.php</file>
            <file>file:/D:/WWW/blog_maizi/blog/templates/index.tpl</file>
            <file>file:/D:/WWW/blog_maizi/blog/templates/blogList.tpl</file>
            <file>file:/D:/WWW/blog_maizi/blog/model/JudgeBlogModel.class.php</file>
            <file>file:/D:/WWW/blog_maizi/blog/templates/myblog.tpl</file>
            <file>file:/D:/WWW/blog_maizi/blog/model/BlogListModel.class.php</file>
            <file>file:/D:/WWW/blog_maizi/blog/templates/audit.tpl</file>
            <file>file:/D:/WWW/blog_maizi/blog/model/ModelBase.class.php</file>
            <file>file:/D:/WWW/blog_maizi/blog/lib/Tools.class.php</file>
            <file>file:/D:/WWW/blog_maizi/blog/dao/DaoBlog.class.php</file>
            <file>file:/D:/WWW/blog_maizi/blog/action/IndexAction.class.php</file>
            <file>file:/D:/WWW/blog_maizi/blog/model/AuditModel.class.php</file>
        </group>
    </open-files>
</project-private>
